{"cameraMode":{"drawMode":0,"name":"Shaded","section":"Shading Mode"},"sceneLighting":true,"audioPlay":false,"sceneViewState":{"showFog":true,"showMaterialUpdate":false,"showSkybox":true,"showFlares":true,"showImageEffects":true,"showParticleSystems":true},"in2DMode":false,"pivot":{"x":0.000001430511474609375,"y":2.024912118911743,"z":0.0},"rotation":{"x":0.14088882505893708,"y":0.32964780926704409,"z":-0.04982113838195801,"w":0.932203471660614},"size":77.62550354003906,"orthographic":true}